,Account_date,general,wind_direction,max,min_tem,max_wind,min_wind,Weekday,Chinese_festival,Solar_festival,Term_festival,Lunar_festival,sales
57,2018-01-02,阴,东风,12.0,7.0,10,1,星期二,null,null,null,null,194.52000000000004
89,2018-01-03,阵雨,东北风,10.0,5.0,20,7,星期三,null,null,null,null,453.66999999999996
199,2018-01-04,阵雨,东北风,5.0,4.0,13,7,星期四,null,null,null,null,184.62
231,2018-01-05,阴,北风,4.0,2.0,17,6,星期五,null,null,小寒,null,282.57000000000005
301,2018-01-06,阴,东风,5.0,2.0,10,4,星期六,null,null,null,null,291.15
378,2018-01-07,阵雨,北风,6.0,4.0,13,4,星期日,null,null,null,null,216.64000000000004
494,2018-01-08,阴,西北风,5.0,2.0,13,5,星期一,null,null,null,null,314.34000000000003
530,2018-01-09,晴,西北风,9.0,-1.0,10,4,星期二,null,null,null,null,134.24
631,2018-01-10,晴,北风,9.0,1.0,27,4,星期三,null,null,null,null,558.86
704,2018-01-11,晴,北风,7.0,-1.0,13,4,星期四,null,null,null,null,220.92
765,2018-01-12,晴,北风,4.0,-1.0,13,4,星期五,null,null,null,null,196.85
897,2018-01-13,晴,东南风,6.0,-3.0,10,0,星期六,null,null,null,null,303.33000000000004
964,2018-01-14,晴,西南风,12.0,0.0,13,0,星期日,null,null,null,null,316.82
1007,2018-01-15,多云,东风,15.0,2.0,10,2,星期一,null,null,null,null,239.86
1067,2018-01-16,阴,北风,15.0,8.0,13,0,星期二,null,null,null,null,313.41
1210,2018-01-17,多云,东风,12.0,7.0,10,1,星期三,null,null,null,null,151.7
1258,2018-01-18,多云,东北风,8.0,7.0,12,3,星期四,null,null,null,null,396.85
1320,2018-01-19,阴,东北风,8.0,6.0,10,3,星期五,null,null,null,null,153.95
1383,2018-01-20,阵雨,东风,8.0,6.0,9,0,星期六,null,null,大寒,null,157.18
1457,2018-01-21,阵雨,东北风,7.0,6.0,12,4,星期日,null,null,null,null,196.88
1532,2018-01-22,多云,北风,11.0,3.0,13,0,星期一,null,null,null,null,315.67
1626,2018-01-23,阴,东北风,7.0,3.0,13,0,星期二,null,null,null,null,299.64
1754,2018-01-24,阴,东北风,3.0,0.0,17,7,星期三,null,null,null,腊八节,207.1
1768,2018-01-25,阵雪,东北风,0.0,0.0,12,6,星期四,null,null,null,null,172.26
1857,2018-01-26,阵雪,东北风,0.0,-1.0,13,7,星期五,null,null,null,null,272.07000000000005
1964,2018-01-27,阵雪,东北风,0.0,-1.0,10,1,星期六,null,null,null,null,256.96999999999997
1990,2018-01-28,阴,北风,1.0,0.0,12,4,星期日,null,null,null,null,287.15999999999997
2103,2018-01-29,多云,西北风,1.0,-3.0,13,5,星期一,null,null,null,null,240.32000000000002
2143,2018-01-30,多云,西北风,2.0,-4.0,10,3,星期二,null,null,null,null,413.21
2260,2018-01-31,多云,西北风,0.0,-2.0,10,0,星期三,null,null,null,null,187.22
2357,2018-02-01,多云,西南风,5.0,-3.0,10,2,星期四,null,null,null,null,108.98
2448,2018-02-02,多云,北风,7.0,-1.0,13,3,星期五,null,null,null,null,227.57000000000002
2525,2018-02-03,多云,北风,2.0,-1.0,18,7,星期六,null,null,null,null,249.15
2581,2018-02-04,晴,北风,2.0,-3.0,12,5,星期日,null,null,立春,null,330.5799999999999
2648,2018-02-05,晴,西北风,6.0,-3.0,10,4,星期一,null,null,null,null,250.87000000000006
2788,2018-02-06,晴,东北风,6.0,-3.0,13,4,星期二,null,null,null,null,277.46999999999997
2798,2018-02-07,多云,西南风,7.0,-1.0,10,3,星期三,null,null,null,null,467.6000000000001
2943,2018-02-08,晴,东南风,9.0,0.0,10,0,星期四,null,null,null,小年,203.54
2951,2018-02-09,多云,西南风,6.0,3.0,13,3,星期五,null,null,null,null,149.04
3099,2018-02-10,阴,北风,6.0,3.0,13,2,星期六,null,null,null,null,261.96000000000004
3175,2018-02-11,晴,北风,10.0,0.0,11,1,星期日,null,null,null,null,164.42000000000002
3266,2018-02-12,晴,北风,11.0,0.0,21,0,星期一,null,null,null,null,121.90000000000002
3313,2018-02-13,晴,南风,15.0,0.0,11,5,星期二,null,null,null,null,230.45000000000002
3367,2018-02-14,晴,西南风,16.0,5.0,13,0,星期三,情人节,null,null,null,272.19
3436,2018-02-15,阴,北风,12.0,6.0,12,6,星期四,null,null,null,除夕,241.05999999999997
3505,2018-02-16,阴,东北风,6.0,5.0,10,4,星期五,null,null,null,春节,63.660000000000004
3564,2018-02-17,多云,东风,12.0,4.0,21,2,星期六,null,null,null,null,171.47000000000003
3656,2018-02-18,多云,北风,8.0,4.0,13,0,星期日,null,null,null,null,195.56
3694,2018-02-19,阵雨,北风,7.0,5.0,12,4,星期一,null,null,雨水,null,146.16000000000003
3769,2018-02-20,阵雨,东北风,6.0,4.0,13,4,星期二,null,null,null,null,207.69000000000005
3840,2018-02-21,阴,北风,6.0,3.0,10,4,星期三,null,null,null,null,290.06
3881,2018-02-22,阴,西南风,7.0,4.0,13,0,星期四,null,null,null,null,344.24
3970,2018-02-23,晴,西南风,16.0,2.0,10,0,星期五,null,null,null,null,460.45000000000005
4029,2018-02-24,阴,北风,9.0,5.0,10,0,星期六,null,null,null,null,260.28
4055,2018-02-25,阴,北风,9.0,7.0,14,0,星期日,null,null,null,null,371.6
4146,2018-02-26,晴,西南风,14.0,7.0,10,0,星期一,null,null,null,null,351.94999999999993
4232,2018-02-27,多云,西南风,20.0,5.0,12,2,星期二,null,null,null,null,285.78999999999996
4337,2018-02-28,多云,西北风,17.0,9.0,18,1,星期三,null,null,null,null,269.53000000000003
4376,2018-03-01,晴,东风,18.0,8.0,18,6,星期四,null,null,null,null,176.93
4427,2018-03-02,阵雨,东风,8.0,6.0,12,4,星期五,null,null,null,元宵节,345.49000000000007
4493,2018-03-03,阴,东风,23.0,8.0,13,0,星期六,null,null,null,null,175.52
4631,2018-03-04,晴,西南风,29.0,11.0,19,0,星期日,null,null,null,null,271.48
4655,2018-03-05,阴,北风,18.0,8.0,25,8,星期一,null,null,null,null,400.44000000000005
4781,2018-03-06,阴,东北风,10.0,5.0,13,5,星期二,null,null,惊蛰,null,261.33000000000004
4839,2018-03-07,阵雨,东南风,9.0,7.0,10,3,星期三,null,null,null,null,377.89000000000004
4911,2018-03-08,阴,北风,10.0,6.0,14,5,星期四,null,null,null,null,345.84
4959,2018-03-09,晴,北风,12.0,3.0,13,2,星期五,null,null,null,null,402.73
5054,2018-03-10,晴,东南风,18.0,3.0,12,3,星期六,null,null,null,null,372.94000000000005
5136,2018-03-11,多云,南风,23.0,5.0,21,3,星期日,null,null,null,null,323.0
5204,2018-03-12,多云,南风,23.0,9.0,13,7,星期一,null,null,null,null,377.18999999999994
5244,2018-03-13,多云,南风,27.0,11.0,11,2,星期二,null,null,null,null,462.07000000000005
5342,2018-03-14,阴,西南风,21.0,15.0,14,1,星期三,null,null,null,null,313.65999999999997
5407,2018-03-15,阴,西南风,21.0,14.0,10,1,星期四,null,null,null,null,436.09
5421,2018-03-16,阵雨,北风,13.0,7.0,18,7,星期五,null,null,null,null,292.96
5512,2018-03-17,多云,东南风,17.0,7.0,11,4,星期六,null,null,null,null,566.5099999999999
5659,2018-03-18,阵雨,北风,14.0,10.0,10,0,星期日,null,null,null,春龙节,492.87999999999994
5686,2018-03-19,阴,北风,11.0,8.0,19,7,星期一,null,null,null,null,401.27
5777,2018-03-20,阴,北风,8.0,6.0,15,6,星期二,null,null,null,null,382.3299999999999
5837,2018-03-21,阴,北风,10.0,5.0,14,4,星期三,null,null,春分,null,731.4100000000003
5884,2018-03-22,晴,西南风,18.0,4.0,15,1,星期四,null,null,null,null,313.78999999999996
5974,2018-03-23,多云,西南风,21.0,7.0,13,1,星期五,null,null,null,null,259.73999999999995
6030,2018-03-24,多云,南风,23.0,9.0,11,2,星期六,null,null,null,null,537.5000000000002
6107,2018-03-25,阴,西南风,21.0,13.0,11,1,星期日,null,null,null,null,384.4100000000001
6211,2018-03-26,阴,西南风,19.0,13.0,11,2,星期一,null,null,null,null,405.23999999999995
6234,2018-03-27,多云,西南风,24.0,12.0,11,1,星期二,null,null,null,null,53.86
6415,2018-04-04,阴,北风,20.0,13.0,28,1,星期三,null,null,null,null,522.54
6460,2018-04-05,阵雨,北风,15.0,8.0,30,1,星期四,null,null,清明,null,161.25999999999993
6517,2018-04-06,阴,北风,16.0,8.0,26,1,星期五,null,null,null,null,328.8399999999999
6553,2018-04-07,晴,北风,16.0,9.0,25,2,星期六,null,null,null,null,16.73
6679,2018-04-08,晴,西南风,23.0,6.0,26,7,星期日,null,null,null,null,267.87999999999994
6754,2018-04-09,晴,西南风,27.0,11.0,19,6,星期一,null,null,null,null,261.38
6796,2018-04-10,晴,西南风,30.0,17.0,38,4,星期二,null,null,null,null,245.16000000000003
6847,2018-04-11,阴,东风,28.0,17.0,16,1,星期三,null,null,null,null,779.1600000000001
6949,2018-04-12,多云,东北风,19.0,17.0,11,2,星期四,null,null,null,null,490.63
6997,2018-04-13,阴,东风,17.0,15.0,14,1,星期五,null,null,null,null,506.76000000000005
7089,2018-04-14,阵雨,北风,17.0,11.0,37,2,星期六,null,null,null,null,538.1800000000001
7194,2018-04-15,多云,西北风,19.0,9.0,19,1,星期日,null,null,null,null,183.13
7206,2018-04-16,阴,东南风,16.0,11.0,11,1,星期一,null,null,null,null,234.60999999999996
7319,2018-04-17,多云,南风,22.0,8.0,10,1,星期二,null,null,null,null,322.92
7400,2018-04-18,晴,东风,26.0,10.0,19,1,星期三,null,null,null,null,337.88
7478,2018-04-19,晴,东风,29.0,13.0,19,1,星期四,null,null,null,null,566.39
7549,2018-04-20,晴,南风,29.0,15.0,19,2,星期五,null,null,谷雨,null,244.26999999999998
7604,2018-04-21,多云,西南风,28.0,20.0,11,3,星期六,null,null,null,null,265.38
7699,2018-04-22,多云,西南风,30.0,21.0,17,1,星期日,null,null,null,null,233.86
7783,2018-04-23,阵雨,北风,22.0,15.0,24,1,星期一,null,null,null,null,219.18999999999994
7826,2018-04-24,阴,北风,19.0,13.0,24,4,星期二,null,null,null,null,309.4599999999999
7887,2018-04-25,晴,西北风,23.0,12.0,19,1,星期三,null,null,null,null,758.6800000000001
8031,2018-04-26,多云,东风,24.0,15.0,11,1,星期四,null,null,null,null,292.04
8113,2018-04-27,多云,北风,27.0,18.0,11,1,星期五,null,null,null,null,181.00999999999993
8174,2018-04-28,多云,东风,29.0,14.0,17,1,星期六,null,null,null,null,270.36
8246,2018-04-29,阴,西南风,28.0,18.0,25,4,星期日,null,null,null,清明节,223.07
8315,2018-04-30,阴,西南风,29.0,21.0,12,2,星期一,null,null,null,null,141.64000000000001
8424,2018-05-01,多云,西南风,30.0,22.0,35,1,星期二,劳动节,null,null,null,62.66
8512,2018-05-02,阴,西北风,27.0,18.0,32,3,星期三,null,null,null,null,140.32000000000002
8559,2018-05-03,多云,西南风,27.0,14.0,19,1,星期四,null,null,null,null,170.35
8630,2018-05-04,多云,南风,29.0,14.0,15,1,星期五,null,null,null,null,113.34
8721,2018-05-05,阵雨,西南风,21.0,15.0,19,4,星期六,null,null,null,null,317.15
8751,2018-05-06,阴,西南风,29.0,19.0,20,4,星期日,null,null,立夏,null,279.59
8890,2018-05-07,阴,北风,22.0,17.0,18,1,星期一,null,null,null,null,133.71
8942,2018-05-08,多云,北风,25.0,17.0,19,3,星期二,null,null,null,null,481.84999999999997
9011,2018-05-09,晴,东风,24.0,14.0,19,3,星期三,null,null,null,null,533.8
9119,2018-05-10,阴,东风,24.0,16.0,19,2,星期四,null,null,null,null,340.77000000000004
9188,2018-05-11,晴,南风,28.0,14.0,11,1,星期五,null,null,null,null,311.73
9278,2018-05-12,多云,西南风,28.0,22.0,19,2,星期六,null,null,null,null,214.65999999999997
9340,2018-05-13,多云,东风,30.0,22.0,17,2,星期日,null,国际母亲节,null,null,247.56
9424,2018-05-14,多云,南风,34.0,21.0,17,1,星期一,null,null,null,null,131.64
9535,2018-05-15,多云,西南风,36.0,25.0,25,2,星期二,null,null,null,null,167.72000000000003
9581,2018-05-16,多云,西南风,37.0,27.0,27,2,星期三,null,null,null,null,263.89
9676,2018-05-17,多云,西南风,35.0,27.0,19,1,星期四,null,null,null,null,533.3199999999999
9800,2018-05-18,多云,东北风,35.0,23.0,19,1,星期五,null,null,null,null,298.16999999999996
9878,2018-05-19,阴,东风,24.0,21.0,19,2,星期六,null,null,null,null,325.79999999999995
9890,2018-05-20,阴,东北风,22.0,19.0,19,2,星期日,null,null,null,null,518.72
10034,2018-05-21,阴,东北风,21.0,18.0,11,1,星期一,null,null,小满,null,234.82999999999998
10108,2018-05-22,阴,北风,28.0,20.0,27,1,星期二,null,null,null,null,198.63
10154,2018-05-23,多云,北风,26.0,19.0,19,5,星期三,null,null,null,null,475.47
10238,2018-05-24,多云,西南风,29.0,17.0,11,1,星期四,null,null,null,null,52.2
10348,2018-05-25,多云,西南风,32.0,22.0,28,3,星期五,null,null,null,null,129.79
10375,2018-05-26,阵雨,北风,25.0,22.0,15,2,星期六,null,null,null,null,190.2
10487,2018-05-27,阴,东北风,24.0,21.0,11,1,星期日,null,null,null,null,252.62000000000006
10525,2018-05-28,多云,西南风,28.0,21.0,11,1,星期一,null,null,null,null,188.85000000000002
10644,2018-05-29,多云,西南风,27.0,22.0,11,1,星期二,null,null,null,null,302.34000000000003
10744,2018-05-30,阴,北风,29.0,22.0,11,1,星期三,null,null,null,null,644.25
10761,2018-05-31,阵雨,东北风,24.0,18.0,18,1,星期四,null,null,null,null,298.33
10810,2018-06-01,阴,西南风,26.0,16.0,19,2,星期五,null,null,null,null,241.92
10875,2018-06-02,阴,东风,24.0,18.0,19,1,星期六,null,null,null,null,319.64
10995,2018-06-03,阴,东风,25.0,18.0,16,1,星期日,null,null,null,null,198.67000000000002
11083,2018-06-04,多云,西南风,28.0,18.0,13,1,星期一,null,null,null,null,318.18
11158,2018-06-05,阴,西南风,23.0,19.0,15,1,星期二,null,null,null,null,153.17
11226,2018-06-06,阴,东风,29.0,19.0,15,2,星期三,null,null,芒种,null,564.0999999999999
11274,2018-06-07,多云,东风,30.0,21.0,11,1,星期四,null,null,null,null,478.40000000000003
11398,2018-06-08,阴,东北风,28.0,23.0,17,2,星期五,null,null,null,null,367.97
11461,2018-06-09,阴,东北风,28.0,21.0,17,1,星期六,null,null,null,null,327.32000000000005
11541,2018-06-10,小雨,东北风,24.0,20.0,11,2,星期日,null,null,null,null,458.78000000000003
11574,2018-06-11,晴,西南风,31.0,19.0,17,1,星期一,null,null,null,null,354.78
11710,2018-06-12,多云,西南风,33.0,20.0,19,3,星期二,null,null,null,null,230.73999999999998
11731,2018-06-13,多云,西南风,34.0,21.0,18,2,星期三,null,null,null,null,492.3800000000001
11881,2018-06-14,多云,西南风,33.0,23.0,19,1,星期四,null,null,null,null,231.61
11926,2018-06-15,晴,东风,31.0,22.0,19,3,星期五,null,null,null,null,311.66999999999996
11988,2018-06-16,多云,东风,29.0,22.0,24,2,星期六,null,null,null,null,302.48
12111,2018-06-17,多云,东风,31.0,20.0,17,2,星期日,null,父亲节,null,null,369.14000000000004
12201,2018-06-18,多云,东风,34.0,22.0,19,3,星期一,null,null,null,端午节,448.98
12279,2018-06-19,多云,西南风,33.0,25.0,16,1,星期二,null,null,null,null,266.52
12359,2018-06-20,小雨,东北风,25.0,21.0,26,3,星期三,null,null,null,null,303.4899999999999
12378,2018-06-21,阴,东风,29.0,21.0,17,2,星期四,null,null,夏至,null,147.04999999999998
12510,2018-06-22,小雨,东风,23.0,19.0,19,2,星期五,null,null,null,null,183.28999999999996
12589,2018-06-23,小雨,东北风,21.0,19.0,11,1,星期六,null,null,null,null,325.22000000000014
12616,2018-06-24,阴,东风,30.0,21.0,11,1,星期日,null,null,null,null,361.73
12743,2018-06-25,多云,西南风,36.0,26.0,17,2,星期一,null,null,null,null,430.9200000000001
12829,2018-06-26,晴,西南风,36.0,27.0,19,6,星期二,null,null,null,null,262.72
12885,2018-06-27,多云,西南风,36.0,28.0,18,6,星期三,null,null,null,null,393.87
12921,2018-06-28,阴,西南风,34.0,28.0,20,4,星期四,null,null,null,null,215.99999999999994
13052,2018-06-29,小雨,西风,32.0,24.0,27,2,星期五,null,null,null,null,335.55999999999995
13117,2018-06-30,阴,西南风,30.0,23.0,16,2,星期六,null,null,null,null,326.8299999999999
13236,2018-07-01,阴,西南风,30.0,23.0,17,1,星期日,null,null,null,null,255.58000000000004
13310,2018-07-02,阴,西南风,33.0,25.0,21,1,星期一,null,null,null,null,239.48000000000002
13368,2018-07-03,阴,西南风,32.0,25.0,18,1,星期二,null,null,null,null,266.88
13427,2018-07-04,小雨,西南风,33.0,25.0,19,1,星期三,null,null,null,null,675.5
13527,2018-07-05,小雨,西南风,31.0,24.0,19,1,星期四,null,null,null,null,254.34
13616,2018-07-06,小雨,西南风,34.0,25.0,13,2,星期五,null,null,null,null,273.5899999999999
13656,2018-07-07,多云,东风,32.0,25.0,15,1,星期六,null,null,小暑,null,341.77
13785,2018-07-08,多云,南风,36.0,27.0,11,1,星期日,null,null,null,null,331.32000000000005
13789,2018-07-09,多云,南风,35.0,27.0,19,2,星期一,null,null,null,null,282.83
13934,2018-07-10,晴,东风,34.0,26.0,27,3,星期二,null,null,null,null,286.63
13949,2018-07-11,多云,东风,32.0,27.0,21,6,星期三,null,null,null,null,355.69999999999993
14035,2018-07-12,多云,南风,34.0,27.0,28,6,星期四,null,null,null,null,251.55
14176,2018-07-13,多云,南风,35.0,27.0,19,2,星期五,null,null,null,null,199.16000000000003
14219,2018-07-14,晴,南风,35.0,27.0,19,6,星期六,null,null,null,null,365.94999999999993
14254,2018-07-15,晴,南风,35.0,27.0,15,6,星期日,null,null,null,null,212.47999999999996
14377,2018-07-16,晴,南风,35.0,28.0,18,6,星期一,null,null,null,null,222.93
14416,2018-07-17,多云,南风,36.0,28.0,17,2,星期二,null,null,null,null,174.93
14514,2018-07-18,多云,南风,36.0,27.0,17,6,星期三,null,null,null,null,268.24
14622,2018-07-19,晴,南风,36.0,27.0,19,2,星期四,null,null,null,null,195.64999999999998
14656,2018-07-20,晴,东风,35.0,27.0,27,4,星期五,null,null,null,null,311.47999999999996
14785,2018-07-21,多云,东风,34.0,26.0,25,3,星期六,null,null,null,null,273.53
14862,2018-07-22,阴,西南风,29.0,26.0,17,7,星期日,null,null,null,null,225.84000000000003
14880,2018-07-23,多云,西南风,35.0,26.0,19,2,星期一,null,null,大暑,null,340.0100000000001
14981,2018-07-24,晴,西南风,34.0,26.0,11,2,星期二,null,null,null,null,170.91999999999996
15020,2018-07-25,阴,西南风,37.0,26.0,14,2,星期三,null,null,null,null,206.19
15130,2018-07-26,晴,西南风,37.0,24.0,32,1,星期四,null,null,null,null,235.57999999999998
15186,2018-07-27,多云,西南风,35.0,24.0,11,1,星期五,null,null,null,null,259.74000000000007
15266,2018-07-28,多云,西南风,38.0,26.0,11,2,星期六,null,null,null,null,300.54999999999995
15422,2018-07-29,晴,西北风,36.0,28.0,23,1,星期日,null,null,null,null,285.50999999999993
15450,2018-07-30,多云,西北风,37.0,27.0,19,2,星期一,null,null,null,null,226.81
15530,2018-07-31,阴,西南风,35.0,25.0,28,3,星期二,null,null,null,null,190.91000000000003
15611,2018-08-01,多云,西南风,34.0,25.0,11,1,星期三,null,null,null,null,341.41
15688,2018-08-02,阴,北风,34.0,25.0,25,2,星期四,null,null,null,null,231.29000000000002
15754,2018-08-03,小雨,西南风,30.0,25.0,19,5,星期五,null,null,null,null,284.46999999999997
15807,2018-08-04,多云,西南风,34.0,25.0,10,2,星期六,null,null,null,null,234.56999999999996
15907,2018-08-05,晴,西南风,36.0,26.0,17,1,星期日,null,null,null,null,232.32000000000005
15951,2018-08-06,晴,西南风,37.0,26.0,12,1,星期一,null,null,null,null,312.80999999999995
16047,2018-08-07,多云,北风,36.0,25.0,26,2,星期二,null,null,null,null,341.62
16118,2018-08-08,晴,东北风,36.0,26.0,11,1,星期三,null,null,立秋,null,316.11000000000007
16240,2018-08-09,多云,北风,36.0,26.0,16,1,星期四,null,null,null,null,343.5299999999999
16289,2018-08-10,多云,南风,38.0,26.0,11,2,星期五,null,null,null,null,280.25999999999993
16407,2018-08-11,多云,东北风,36.0,26.0,11,2,星期六,null,null,null,null,287.22
16408,2018-08-12,小雨,东北风,30.0,26.0,11,2,星期日,null,null,null,null,208.44000000000003
16507,2018-08-13,阴,东北风,35.0,25.0,22,2,星期一,null,null,null,null,216.09
16552,2018-08-14,多云,东北风,34.0,26.0,20,1,星期二,null,null,null,null,327.77
16650,2018-08-15,多云,东北风,35.0,28.0,19,2,星期三,null,null,null,null,182.15
16715,2018-08-16,多云,西北风,35.0,26.0,19,2,星期四,null,null,null,null,230.98000000000002
16837,2018-08-17,小雨,南风,30.0,25.0,21,5,星期五,null,null,null,七夕情人节,205.89999999999998
16907,2018-08-18,阴,南风,34.0,26.0,19,2,星期六,null,null,null,null,270.39
17018,2018-08-19,多云,东南风,34.0,27.0,22,2,星期日,null,null,null,null,265.63
17063,2018-08-20,多云,西南风,35.0,27.0,11,2,星期一,null,null,null,null,124.56999999999996
17154,2018-08-21,多云,东北风,33.0,27.0,11,1,星期二,null,null,null,null,283.83
17204,2018-08-22,多云,北风,33.0,26.0,16,1,星期三,null,null,null,null,309.46999999999997
17308,2018-08-23,多云,北风,33.0,26.0,19,3,星期四,null,null,处暑,null,268.51
17372,2018-08-24,多云,东北风,32.0,23.0,19,3,星期五,null,null,null,null,156.91
17446,2018-08-25,阴,北风,28.0,22.0,27,6,星期六,null,null,null,中元节,406.9599999999999
17575,2018-08-26,阴,北风,29.0,25.0,17,2,星期日,null,null,null,null,331.55
17665,2018-08-27,多云,东南风,33.0,25.0,18,1,星期一,null,null,null,null,426.1799999999999
17695,2018-08-28,多云,东南风,34.0,26.0,19,3,星期二,null,null,null,null,338.30999999999995
17774,2018-08-29,多云,南风,34.0,26.0,19,2,星期三,null,null,null,null,737.47
17880,2018-08-30,多云,南风,34.0,27.0,17,2,星期四,null,null,null,null,333.81
17985,2018-08-31,多云,西南风,33.0,27.0,18,2,星期五,null,null,null,null,310.85
18045,2018-09-01,多云,西风,33.0,26.0,17,2,星期六,null,null,null,null,270.3
18114,2018-09-02,多云,南风,35.0,25.0,15,1,星期日,null,null,null,null,254.57
18209,2018-09-03,多云,南风,34.0,26.0,11,2,星期一,null,null,null,null,198.81
18245,2018-09-04,多云,西北风,34.0,24.0,18,2,星期二,null,null,null,null,315.18
18321,2018-09-05,多云,西南风,34.0,22.0,17,2,星期三,null,null,null,null,180.61
18362,2018-09-06,多云,西南风,34.0,23.0,16,2,星期四,null,null,null,null,238.98999999999995
18483,2018-09-07,阴,南风,28.0,22.0,19,2,星期五,null,null,null,null,193.42000000000004
18600,2018-09-08,小雨,西南风,22.0,19.0,11,2,星期六,null,null,白露,null,327.9899999999999
18628,2018-09-09,多云,西南风,27.0,19.0,19,2,星期日,null,null,null,null,322.5100000000001
18719,2018-09-10,阴,东北风,26.0,19.0,16,1,星期一,中国教师节,null,null,null,190.55
18815,2018-09-11,阴,南风,25.0,21.0,11,2,星期二,null,null,null,null,173.22
18880,2018-09-12,阴,东北风,26.0,20.0,11,1,星期三,null,null,null,null,277.28000000000003
18925,2018-09-13,多云,东北风,28.0,23.0,11,1,星期四,null,null,null,null,246.32999999999996
19049,2018-09-14,多云,西风,32.0,24.0,10,1,星期五,null,null,null,null,178.49000000000004
19055,2018-09-15,多云,东风,31.0,24.0,14,1,星期六,null,null,null,null,192.35999999999999
19156,2018-09-16,小雨,东风,31.0,24.0,19,1,星期日,null,null,null,null,251.61
19193,2018-09-17,阴,东北风,28.0,24.0,14,1,星期一,null,null,null,null,256.1499999999999
19282,2018-09-18,阴,西南风,32.0,24.0,11,1,星期二,null,null,null,null,319.28
19320,2018-09-19,多云,西南风,34.0,25.0,11,1,星期三,null,null,null,null,553.36
19407,2018-09-20,多云,西南风,35.0,25.0,16,1,星期四,null,null,null,null,221.89999999999992
19483,2018-09-21,阴,北风,25.0,23.0,19,1,星期五,null,null,null,null,215.04
19608,2018-09-22,阴,东北风,24.0,22.0,11,1,星期六,null,null,null,null,256.00999999999993
19697,2018-09-23,阴,北风,27.0,22.0,11,2,星期日,null,null,秋分,null,424.6899999999998
19710,2018-09-24,多云,东风,28.0,20.0,21,3,星期一,null,null,null,中秋节,407.17
19817,2018-09-25,多云,东北风,26.0,21.0,27,6,星期二,null,null,null,null,253.21000000000004
19937,2018-09-26,多云,北风,25.0,20.0,24,5,星期三,null,null,null,null,262.68
19984,2018-09-27,阴,北风,25.0,19.0,16,1,星期四,null,null,null,null,209.73999999999998
20082,2018-09-28,多云,西南风,27.0,17.0,11,1,星期五,null,null,null,null,557.3
20140,2018-09-29,多云,北风,27.0,19.0,38,2,星期六,null,null,null,null,346.3
20290,2018-09-30,晴,西北风,28.0,17.0,11,2,星期日,null,null,null,null,396.0400000000001
20338,2018-10-01,晴,西北风,26.0,17.0,19,2,星期一,国庆节,null,null,null,154.42
20395,2018-10-02,多云,南风,25.0,14.0,11,1,星期二,null,null,null,null,278.27
20455,2018-10-03,晴,东风,25.0,13.0,15,1,星期三,null,null,null,null,295.80000000000007
20590,2018-10-04,多云,北风,25.0,15.0,27,2,星期四,null,null,null,null,325.17
20673,2018-10-05,阴,北风,26.0,18.0,26,6,星期五,null,null,null,null,304.32
20743,2018-10-06,晴,西北风,28.0,15.0,15,2,星期六,null,null,null,null,178.30999999999997
20803,2018-10-07,多云,东风,25.0,13.0,16,2,星期日,null,null,null,null,222.51999999999998
20864,2018-10-08,多云,东风,25.0,15.0,16,2,星期一,null,null,寒露,null,302.09
21003,2018-10-09,阴,西北风,24.0,19.0,11,1,星期二,null,null,null,null,345.16999999999996
21019,2018-10-10,多云,北风,18.0,13.0,27,1,星期三,null,null,null,null,239.07999999999998
21117,2018-10-11,多云,北风,21.0,12.0,17,3,星期四,null,null,null,null,159.95999999999998
21201,2018-10-12,阴,东风,21.0,12.0,23,2,星期五,null,null,null,null,265.5
21333,2018-10-13,多云,东风,22.0,13.0,17,1,星期六,null,null,null,null,402.88999999999993
21355,2018-10-14,小雨,东风,20.0,16.0,11,2,星期日,null,null,null,null,291.61
21453,2018-10-15,阴,西北风,19.0,15.0,11,2,星期一,null,null,null,null,253.19
21510,2018-10-16,阴,北风,17.0,14.0,19,4,星期二,null,null,null,null,487.89999999999986
21661,2018-10-17,多云,西北风,22.0,13.0,11,1,星期三,null,null,null,重阳节,677.11
21678,2018-10-18,多云,东北风,20.0,13.0,15,1,星期四,null,null,null,null,358.65
21823,2018-10-19,多云,东北风,20.0,11.0,15,2,星期五,null,null,null,null,342.01
21841,2018-10-20,阴,东风,19.0,14.0,19,1,星期六,null,null,null,null,405.71000000000004
21935,2018-10-21,阴,东风,20.0,15.0,8,1,星期日,null,null,null,null,287.75
21995,2018-10-22,阴,西北风,19.0,16.0,11,1,星期一,null,null,null,null,347.1700000000001
22117,2018-10-23,阴,北风,22.0,15.0,15,1,星期二,null,null,null,null,391.87
22147,2018-10-24,多云,西南风,23.0,13.0,16,2,星期三,null,null,霜降,null,383.63
22257,2018-10-25,阴,西南风,22.0,15.0,9,2,星期四,null,null,null,null,389.26
22345,2018-10-26,多云,西北风,24.0,16.0,17,1,星期五,null,null,null,null,422.8600000000001
22429,2018-10-27,晴,西南风,22.0,11.0,11,1,星期六,null,null,null,null,420.88
22508,2018-10-28,晴,西南风,24.0,10.0,17,2,星期日,null,null,null,null,331.35999999999996
22629,2018-10-29,晴,西南风,27.0,12.0,17,1,星期一,null,null,null,null,454.29
22717,2018-10-30,晴,南风,24.0,12.0,11,1,星期二,null,null,null,null,377.01
22783,2018-10-31,晴,东北风,21.0,16.0,18,3,星期三,null,null,null,null,388.52999999999986
22895,2018-11-01,多云,东北风,18.0,12.0,17,2,星期四,null,null,null,null,295.22
22904,2018-11-02,多云,东风,18.0,11.0,16,3,星期五,null,null,null,null,257.41
23018,2018-11-03,小雨,西北风,17.0,14.0,10,2,星期六,null,null,null,null,392.2099999999999
23125,2018-11-04,阴,东风,22.0,16.0,16,1,星期日,null,null,null,null,315.98
23160,2018-11-05,阴,东北风,21.0,17.0,25,2,星期一,null,null,null,null,254.2
23298,2018-11-06,阴,东风,20.0,17.0,18,5,星期二,null,null,null,null,304.18000000000006
23392,2018-11-07,阴,北风,17.0,14.0,22,4,星期三,null,null,null,null,324.52
23440,2018-11-08,阴,北风,14.0,9.0,17,1,星期四,null,null,立冬,null,389.39000000000004
23539,2018-11-09,晴,西南风,18.0,8.0,11,1,星期五,null,null,null,null,182.60000000000002
23575,2018-11-10,多云,东风,19.0,9.0,10,1,星期六,null,null,null,null,270.46999999999997
23699,2018-11-11,阴,北风,19.0,13.0,26,2,星期日,null,null,null,null,1219.15
23759,2018-11-12,阴,北风,14.0,13.0,11,3,星期一,null,null,null,null,243.04000000000005
23788,2018-11-13,多云,北风,17.0,12.0,11,2,星期二,null,null,null,null,383.23
23888,2018-11-14,多云,东风,16.0,12.0,11,2,星期三,null,null,null,null,587.5300000000001
24015,2018-11-15,阴,东风,15.0,13.0,11,1,星期四,null,null,null,null,380.73
24076,2018-11-16,阴,北风,14.0,12.0,19,4,星期五,null,null,null,null,338.85
24160,2018-11-17,阴,北风,13.0,11.0,13,1,星期六,null,null,null,null,427.9999999999999
24259,2018-11-18,小雨,北风,12.0,10.0,17,5,星期日,null,null,null,null,375.5999999999999
24300,2018-11-19,阴,北风,12.0,9.0,18,1,星期一,null,null,null,null,407.96000000000004
24359,2018-11-20,多云,东南风,16.0,8.0,11,1,星期二,null,null,null,null,428.7099999999999
24495,2018-11-21,阴,北风,15.0,11.0,19,1,星期三,null,null,null,null,516.73
24549,2018-11-22,晴,北风,15.0,8.0,18,2,星期四,null,null,小雪,null,276.74000000000007
24693,2018-11-23,晴,西南风,16.0,6.0,11,1,星期五,null,null,null,null,431.99
24736,2018-11-24,晴,南风,20.0,8.0,18,1,星期六,null,null,null,null,387.96999999999997
24854,2018-11-25,多云,南风,17.0,9.0,10,1,星期日,null,null,null,null,360.52000000000004
24934,2018-11-26,多云,西南风,18.0,12.0,11,2,星期一,null,null,null,null,365.89000000000004
24980,2018-11-27,多云,西南风,19.0,10.0,11,1,星期二,null,null,null,null,387.62999999999994
25016,2018-11-28,晴,南风,17.0,10.0,11,1,星期三,null,null,null,null,342.74
25132,2018-11-29,多云,西南风,20.0,9.0,11,2,星期四,null,null,null,null,281.23999999999995
25196,2018-11-30,多云,北风,18.0,10.0,10,1,星期五,null,null,null,null,294.84999999999997
25325,2018-12-01,多云,西北风,20.0,11.0,11,2,星期六,null,null,null,null,466.40999999999997
25425,2018-12-02,阴,西南风,16.0,12.0,11,1,星期日,null,null,null,null,266.17
25511,2018-12-03,阴,北风,17.0,14.0,8,1,星期一,null,null,null,null,268.78000000000003
25562,2018-12-04,小雨,北风,17.0,9.0,19,7,星期二,null,null,null,null,257.65
25665,2018-12-05,阴,北风,12.0,9.0,17,2,星期三,null,null,null,null,390.78
25723,2018-12-06,小雨,北风,11.0,6.0,44,6,星期四,null,null,null,null,171.75
25807,2018-12-07,阴,北风,6.0,1.0,28,7,星期五,null,null,大雪,null,210.05
25844,2018-12-08,雨夹雪,北风,1.0,0.0,24,7,星期六,null,null,null,null,192.29
25924,2018-12-09,雨夹雪,北风,1.0,0.0,11,2,星期日,null,null,null,null,178.07000000000005
26013,2018-12-10,小雨,西南风,6.0,1.0,11,1,星期一,null,null,null,null,257.56
26081,2018-12-11,阴,北风,6.0,4.0,19,5,星期二,null,null,null,null,288.14
26128,2018-12-12,多云,北风,6.0,2.0,27,2,星期三,null,null,null,null,1451.0299999999997
26210,2018-12-13,多云,东北风,6.0,1.0,11,3,星期四,null,null,null,null,316.28999999999996
26350,2018-12-14,多云,西北风,5.0,1.0,10,1,星期五,null,null,null,null,210.69
26383,2018-12-15,阴,西北风,7.0,5.0,5,1,星期六,null,null,null,null,290.86999999999995
26512,2018-12-16,多云,西北风,12.0,4.0,11,2,星期日,null,null,null,null,307.44000000000005
26552,2018-12-17,晴,西南风,14.0,3.0,24,1,星期一,null,null,null,null,106.91
26651,2018-12-18,晴,西南风,16.0,3.0,11,3,星期二,null,null,null,null,316.2999999999999
26702,2018-12-19,阴,西南风,13.0,7.0,18,1,星期三,null,null,null,null,363.60999999999996
26729,2018-12-20,阴,西北风,10.0,8.0,11,2,星期四,null,null,null,null,375.3899999999998
26841,2018-12-21,阴,东北风,13.0,10.0,11,2,星期五,null,null,null,null,494.19999999999993
26894,2018-12-22,小雨,北风,12.0,11.0,15,2,星期六,null,null,冬至,null,294.83000000000004
26963,2018-12-23,阴,北风,12.0,8.0,25,6,星期日,null,null,null,null,348.86
27088,2018-12-24,多云,西北风,12.0,5.0,14,2,星期一,null,null,null,null,470.93999999999994
27167,2018-12-25,阴,西南风,11.0,8.0,8,1,星期二,圣诞节,null,null,null,401.29
27253,2018-12-26,小雨,北风,10.0,7.0,19,6,星期三,null,null,null,null,330.55000000000007
27306,2018-12-27,阴,东北风,7.0,4.0,26,6,星期四,null,null,null,null,417.91
27343,2018-12-28,阴,北风,4.0,0.0,27,6,星期五,null,null,null,null,217.48999999999998
27455,2018-12-29,晴,北风,2.0,-2.0,25,6,星期六,null,null,null,null,314.90999999999997
27508,2018-12-30,阴,北风,2.0,0.0,18,5,星期日,null,null,null,null,321.03
27619,2018-12-31,阴,北风,1.0,0.0,10,3,星期一,null,null,null,null,293.37
27683,2019-01-01,多云,无持续风向,8.0,1.0,3,3,星期二,元旦节,null,null,null,411.67000000000013
27772,2019-01-02,阴,无持续风向,9.0,2.0,3,3,星期三,null,null,null,null,491.76
27848,2019-01-03,小雨,无持续风向,11.0,4.0,3,3,星期四,null,null,null,null,237.9
27913,2019-01-04,小雨,无持续风向,12.0,5.0,3,4,星期五,null,null,null,null,120.57
27966,2019-01-05,小雨,无持续风向,12.0,5.0,3,3,星期六,null,null,小寒,null,230.21000000000004
28072,2019-01-06,多云,无持续风向,10.0,3.0,3,3,星期日,null,null,null,null,275.27000000000004
28142,2019-01-07,小雨,无持续风向,12.0,5.0,3,3,星期一,null,null,null,null,180.63
28203,2019-01-08,小雨,东北风,11.0,4.0,3,3,星期二,null,null,null,null,256.34
28294,2019-01-09,小雨,无持续风向,11.0,4.0,3,3,星期三,null,null,null,null,187.45999999999998
28395,2019-01-10,小雨,无持续风向,12.0,5.0,3,3,星期四,null,null,null,null,189.90999999999997
28480,2019-01-11,小雨,无持续风向,12.0,5.0,3,3,星期五,null,null,null,null,220.66999999999996
28542,2019-01-12,多云,无持续风向,10.0,3.0,3,3,星期六,null,null,null,null,197.11999999999995
28628,2019-01-13,多云,无持续风向,10.0,3.0,3,3,星期日,null,null,null,腊八节,319.34000000000003
28665,2019-01-14,小雨,无持续风向,11.0,4.0,3,3,星期一,null,null,null,null,208.38
28788,2019-01-15,雨夹雪,无持续风向,9.0,2.0,3,3,星期二,null,null,null,null,449.34999999999997
28840,2019-01-16,多云,无持续风向,8.0,1.0,3,3,星期三,null,null,null,null,253.12000000000003
28994,2019-01-17,晴,东北风,8.0,1.0,3,3,星期四,null,null,null,null,332.62
29058,2019-01-18,晴,无持续风向,10.0,3.0,3,3,星期五,null,null,null,null,335.47
29170,2019-01-19,小雨,无持续风向,13.0,6.0,3,3,星期六,null,null,null,null,399.32
29257,2019-01-20,晴,无持续风向,8.0,1.0,3,3,星期日,null,null,大寒,null,359.0800000000001
29274,2019-01-21,晴,无持续风向,7.0,0.0,3,3,星期一,null,null,null,null,344.02000000000004
29424,2019-01-22,晴,无持续风向,8.0,1.0,3,3,星期二,null,null,null,null,304.28
29508,2019-01-23,晴,无持续风向,9.0,2.0,3,3,星期三,null,null,null,null,294.27
29612,2019-01-24,晴,东北风,8.0,1.0,3,3,星期四,null,null,null,null,277.99999999999994
29623,2019-01-25,多云,无持续风向,9.0,2.0,3,3,星期五,null,null,null,null,346.6900000000001
29760,2019-01-26,晴,无持续风向,8.0,1.0,3,3,星期六,null,null,null,null,381.93
29875,2019-01-27,多云,无持续风向,9.0,2.0,3,3,星期日,null,null,null,null,320.93
29958,2019-01-28,阴,无持续风向,13.0,6.0,3,3,星期一,null,null,null,小年,305.84
30005,2019-01-29,多云,无持续风向,12.0,5.0,3,3,星期二,null,null,null,null,194.42
30116,2019-01-30,小雨,西南风,14.0,7.0,3,4,星期三,null,null,null,null,249.13000000000002
30136,2019-01-31,多云,无持续风向,9.0,2.0,3,3,星期四,null,null,null,null,251.69000000000003
30300,2019-02-01,晴,东北风,9.0,2.0,3,3,星期五,null,null,null,null,224.87000000000003
30359,2019-02-02,小雨,西南风,18.0,11.0,3,3,星期六,null,null,null,null,242.34999999999997
30424,2019-02-03,多云,无持续风向,11.0,4.0,3,3,星期日,null,null,null,null,148.64
30478,2019-02-04,小雨,东北风,13.0,6.0,3,3,星期一,null,null,立春,除夕,344.91
30582,2019-02-05,多云,西南风,14.0,7.0,3,3,星期二,null,null,null,春节,89.45
30643,2019-02-06,小雨,无持续风向,17.0,10.0,3,3,星期三,null,null,null,null,202.81999999999996
30705,2019-02-07,小雨,东北风,10.0,3.0,3,3,星期四,null,null,null,null,92.54999999999998
30717,2019-02-08,雨夹雪,东北风,8.0,1.0,3,3,星期五,null,null,null,null,247.87000000000003
30820,2019-02-09,雨夹雪,东北风,9.0,2.0,3,3,星期六,null,null,null,null,198.3
30851,2019-02-10,小雨,无持续风向,8.0,1.0,3,3,星期日,null,null,null,null,202.70000000000002
30893,2019-02-11,小雨,无持续风向,10.0,3.0,3,3,星期一,null,null,null,null,241.54000000000005
30982,2019-02-12,小雨,无持续风向,11.0,4.0,3,3,星期二,null,null,null,null,92.81000000000002
31066,2019-02-13,中雨,东北风,12.0,5.0,4,5,星期三,null,null,null,null,639.9100000000001
31184,2019-02-14,小雨,无持续风向,12.0,5.0,3,3,星期四,情人节,null,null,null,372.9599999999999
31231,2019-02-15,小雨,东北风,10.0,3.0,3,4,星期五,null,null,null,null,202.88
31369,2019-02-16,雨夹雪,东北风,8.0,1.0,3,3,星期六,null,null,null,null,252.57999999999996
31393,2019-02-17,小雨,东北风,11.0,4.0,3,4,星期日,null,null,null,null,312.21999999999997
31470,2019-02-18,小雨,西南风,12.0,5.0,3,4,星期一,null,null,null,null,298.68000000000006
31611,2019-02-19,中雨,东北风,12.0,5.0,3,4,星期二,null,null,雨水,元宵节,398.76
31698,2019-02-20,小雨,东北风,12.0,5.0,3,3,星期三,null,null,null,null,277.65999999999997
31717,2019-02-21,小雨,无持续风向,12.0,5.0,3,3,星期四,null,null,null,null,329.59000000000003
31803,2019-02-22,多云,无持续风向,9.0,2.0,3,3,星期五,null,null,null,null,338.84000000000003
31894,2019-02-23,多云,无持续风向,10.0,3.0,3,3,星期六,null,null,null,null,309.13999999999993
32003,2019-02-24,多云,无持续风向,12.0,5.0,3,3,星期日,null,null,null,null,448.67999999999995
32076,2019-02-25,阴,东北风,12.0,5.0,3,3,星期一,null,null,null,null,343.39
32154,2019-02-26,中雨,东北风,14.0,7.0,3,4,星期二,null,null,null,null,378.32
32323,2019-02-27,阴,无持续风向,14.0,7.0,3,3,星期三,null,null,null,null,549.51
32393,2019-02-28,阴,东北风,13.0,6.0,3,3,星期四,null,null,null,null,411.82
32471,2019-03-01,中雨,东北风,15.0,8.0,5,6,星期五,null,null,null,null,378.30000000000007
32530,2019-03-02,小雨,无持续风向,13.0,6.0,3,3,星期六,null,null,null,null,435.61999999999995
32643,2019-03-03,阴,西北风,10.0,3.0,3,3,星期日,null,null,null,null,493.28
32764,2019-03-04,小雨,东北风,14.0,7.0,3,3,星期一,null,null,null,null,336.48
32813,2019-03-05,小雨,无持续风向,14.0,7.0,3,3,星期二,null,null,null,null,198.42999999999998
32914,2019-03-06,多云,无持续风向,12.0,5.0,3,3,星期三,null,null,惊蛰,null,343.96999999999997
33020,2019-03-07,晴,东北风,10.0,3.0,3,3,星期四,null,null,null,null,244.9
33081,2019-03-08,阴,东北风,14.0,7.0,3,3,星期五,null,null,null,春龙节,309.90999999999997
33152,2019-03-09,小雨,西南风,14.0,7.0,3,3,星期六,null,null,null,null,388.82999999999987
33249,2019-03-10,晴,西南风,14.0,7.0,3,3,星期日,null,null,null,null,227.07999999999998
33299,2019-03-11,晴,西南风,15.0,8.0,3,3,星期一,null,null,null,null,268.31
33373,2019-03-12,晴,东北风,13.0,6.0,3,3,星期二,null,null,null,null,238.87000000000003
33477,2019-03-13,小到中雨,无持续风向,15.0,8.0,3,3,星期三,null,null,null,null,706.4899999999999
33545,2019-03-14,晴,西南风,14.0,7.0,3,3,星期四,null,null,null,null,427.9700000000001
33666,2019-03-15,多云,无持续风向,13.0,6.0,3,3,星期五,null,null,null,null,332.11999999999995
33685,2019-03-16,晴,无持续风向,14.0,7.0,3,3,星期六,null,null,null,null,273.19000000000005
33775,2019-03-17,小雨,东北风,19.0,12.0,4,5,星期日,null,null,null,null,472.51
33844,2019-03-18,多云,无持续风向,17.0,10.0,3,3,星期一,null,null,null,null,408.81999999999994
33922,2019-03-19,多云,东北风,21.0,14.0,3,3,星期二,null,null,null,null,779.1900000000002
34029,2019-03-20,雷阵雨,西南风,26.0,19.0,3,4,星期三,null,null,null,null,807.3999999999999
34119,2019-03-21,小雨,东北风,17.0,10.0,3,4,星期四,null,null,春分,null,469.9000000000002
34180,2019-03-22,小雨,东北风,14.0,7.0,3,3,星期五,null,null,null,null,527.8500000000001
34305,2019-03-23,晴,东北风,13.0,6.0,3,3,星期六,null,null,null,null,562.2399999999998
34367,2019-03-24,小雨,无持续风向,17.0,10.0,3,3,星期日,null,null,null,null,357.13000000000005
34477,2019-03-25,多云,无持续风向,15.0,8.0,3,3,星期一,null,null,null,null,534.5600000000001
34578,2019-03-26,小雨,无持续风向,20.0,13.0,3,3,星期二,null,null,null,null,519.6800000000001
34646,2019-03-27,小雨,无持续风向,22.0,15.0,3,3,星期三,null,null,null,null,292.07
34653,2019-03-28,小雨,东北风,19.0,12.0,3,3,星期四,null,null,null,null,654.21
34779,2019-03-29,多云,西南风,18.0,11.0,3,3,星期五,null,null,null,null,682.4500000000002
34902,2019-03-30,多云,东北风,16.0,9.0,3,4,星期六,null,null,null,null,740.04
34932,2019-03-31,多云,东北风,13.0,6.0,3,3,星期日,null,null,null,null,490.54999999999995
34999,2019-04-01,多云,无持续风向,16.0,9.0,3,3,星期一,null,null,null,null,392.8399999999999
35112,2019-04-02,小雨,无持续风向,18.0,11.0,3,3,星期二,null,null,null,null,296.16999999999996
35144,2019-04-03,阴,无持续风向,17.0,10.0,3,3,星期三,null,null,null,null,622.7499999999999
35277,2019-04-04,小雨,西南风,19.0,12.0,3,3,星期四,null,null,null,null,666.2300000000001
35362,2019-04-05,晴,无持续风向,20.0,13.0,3,3,星期五,null,null,清明,null,384.2699999999999
35446,2019-04-06,晴,西南风,22.0,15.0,3,3,星期六,null,null,null,null,533.88
35479,2019-04-07,晴,西南风,23.0,16.0,3,3,星期日,null,null,null,null,441.4500000000001
35580,2019-04-08,多云,无持续风向,26.0,19.0,3,3,星期一,null,null,null,null,532.2600000000001
35615,2019-04-09,雷阵雨,西南风,19.0,12.0,3,4,星期二,null,null,null,null,380.04999999999995
35750,2019-04-10,小雨,东北风,17.0,10.0,3,3,星期三,null,null,null,null,381.08
35855,2019-04-11,多云,无持续风向,15.0,8.0,3,3,星期四,null,null,null,null,368.0
35862,2019-04-12,晴,东风,17.0,10.0,3,3,星期五,null,null,null,null,326.55
35969,2019-04-13,阴,无持续风向,21.0,14.0,3,3,星期六,null,null,null,null,270.40999999999997
36053,2019-04-14,多云,无持续风向,17.0,10.0,3,3,星期日,null,null,null,null,452.4599999999999
36162,2019-04-15,小雨,东风,19.0,12.0,3,3,星期一,null,null,null,null,463.36999999999995
36219,2019-04-16,晴,西南风,20.0,13.0,3,3,星期二,null,null,null,null,447.67
36267,2019-04-17,晴,无持续风向,22.0,15.0,3,3,星期三,null,null,null,null,824.1099999999997
36372,2019-04-18,多云,无持续风向,24.0,17.0,3,3,星期四,null,null,null,清明节,582.0499999999997
36423,2019-04-19,阴,东风,26.0,19.0,3,3,星期五,null,null,null,null,412.26
36515,2019-04-20,阴,无持续风向,27.0,20.0,3,3,星期六,null,null,谷雨,null,411.30999999999983
36558,2019-04-21,小雨,无持续风向,27.0,20.0,3,3,星期日,null,null,null,null,391.7099999999999
36634,2019-04-22,小雨,无持续风向,27.0,20.0,3,3,星期一,null,null,null,null,442.4600000000001
36725,2019-04-23,小雨,无持续风向,28.0,21.0,3,3,星期二,null,null,null,null,456.2099999999999
36816,2019-04-24,小雨,无持续风向,28.0,21.0,3,3,星期三,null,null,null,null,534.0299999999999
36872,2019-04-25,多云,东北风,23.0,16.0,3,3,星期四,null,null,null,null,549.46
36921,2019-04-26,阴,东北风,19.0,12.0,3,4,星期五,null,null,null,null,400.44000000000005
36996,2019-04-27,小雨,东风,22.0,15.0,3,3,星期六,null,null,null,null,600.31
37066,2019-04-28,阴,无持续风向,23.0,16.0,3,3,星期日,null,null,null,null,416.15000000000003
37175,2019-04-29,小雨,无持续风向,22.0,15.0,3,3,星期一,null,null,null,null,346.91999999999996
37195,2019-04-30,阴,西南风,22.0,15.0,3,3,星期二,null,null,null,null,353.19999999999993
37297,2019-05-01,多云,无持续风向,20.0,13.0,3,3,星期三,劳动节,null,null,null,320.09000000000003
37380,2019-05-02,晴,无持续风向,20.0,13.0,3,3,星期四,null,null,null,null,371.54999999999995
37427,2019-05-03,多云,无持续风向,19.0,12.0,3,3,星期五,null,null,null,null,289.22
37539,2019-05-04,晴,东南风,22.0,15.0,3,3,星期六,null,null,null,null,366.56
37622,2019-05-05,多云,东北风,23.0,16.0,3,4,星期日,null,null,null,null,407.48
37670,2019-05-06,阴,东北风,19.0,12.0,3,4,星期一,null,null,立夏,null,323.69
37765,2019-05-07,阴,东风,21.0,14.0,3,3,星期二,null,null,null,null,273.52
37843,2019-05-08,多云,无持续风向,21.0,14.0,3,3,星期三,null,null,null,null,255.02
37870,2019-05-09,晴,无持续风向,23.0,16.0,3,3,星期四,null,null,null,null,374.41999999999996
37955,2019-05-10,多云,无持续风向,23.0,16.0,3,3,星期五,null,null,null,null,267.70000000000005
38081,2019-05-11,晴,东南风,25.0,18.0,3,3,星期六,null,null,null,null,209.04999999999998
38100,2019-05-12,小雨,东南风,26.0,19.0,3,3,星期日,null,国际母亲节,null,null,297.0
38198,2019-05-13,小雨,无持续风向,24.0,17.0,3,3,星期一,null,null,null,null,226.39
38269,2019-05-14,小到中雨,东南风,25.0,18.0,3,3,星期二,null,null,null,null,303.75
38336,2019-05-15,小雨,无持续风向,25.0,18.0,3,3,星期三,null,null,null,null,240.59000000000003
38409,2019-05-16,小雨,无持续风向,27.0,20.0,3,3,星期四,null,null,null,null,590.8800000000001
38517,2019-05-17,阴,无持续风向,28.0,21.0,3,3,星期五,null,null,null,null,268.67999999999995
38536,2019-05-18,多云,无持续风向,27.0,20.0,3,3,星期六,null,null,null,null,560.2799999999999
38648,2019-05-19,阴,无持续风向,25.0,18.0,3,3,星期日,null,null,null,null,338.58000000000004
38692,2019-05-20,多云,无持续风向,23.0,16.0,3,3,星期一,null,null,null,null,434.9700000000001
38774,2019-05-21,多云,无持续风向,25.0,18.0,3,3,星期二,null,null,小满,null,320.54999999999995
38855,2019-05-22,晴,无持续风向,25.0,18.0,3,3,星期三,null,null,null,null,330.99000000000007
38897,2019-05-23,晴,无持续风向,26.0,19.0,3,3,星期四,null,null,null,null,190.17999999999998
39035,2019-05-24,多云,南风,27.0,20.0,3,4,星期五,null,null,null,null,311.52
39053,2019-05-25,小雨,东南风,29.0,22.0,3,4,星期六,null,null,null,null,445.07999999999987
39140,2019-05-26,中雨,西南风,27.0,20.0,3,3,星期日,null,null,null,null,379.67999999999995
39185,2019-05-27,多云,北风,26.0,19.0,3,3,星期一,null,null,null,null,381.61999999999995
39246,2019-05-28,晴,无持续风向,24.0,17.0,3,3,星期二,null,null,null,null,337.48
39361,2019-05-29,多云,无持续风向,24.0,17.0,3,3,星期三,null,null,null,null,383.08000000000004
39431,2019-05-30,小雨,无持续风向,27.0,20.0,3,3,星期四,null,null,null,null,355.28999999999996
39503,2019-05-31,多云,无持续风向,25.0,18.0,3,3,星期五,null,null,null,null,217.74
39561,2019-06-01,小雨,无持续风向,26.0,19.0,3,3,星期六,null,null,null,null,264.93
39665,2019-06-02,多云,无持续风向,27.0,20.0,3,3,星期日,null,null,null,null,388.52
39696,2019-06-03,晴,无持续风向,28.0,21.0,3,3,星期一,null,null,null,null,219.8
39757,2019-06-04,多云,无持续风向,30.0,23.0,3,3,星期二,null,null,null,null,304.18999999999994
39869,2019-06-05,小雨,南风,32.0,25.0,3,4,星期三,null,null,null,null,237.37999999999994
39938,2019-06-06,小雨,西北风,30.0,23.0,3,3,星期四,null,null,芒种,null,291.69
40071,2019-06-07,多云,无持续风向,28.0,21.0,3,3,星期五,null,null,null,端午节,331.69
40100,2019-06-08,小雨,东风,29.0,22.0,3,3,星期六,null,null,null,null,79.32
40190,2019-06-09,多云,无持续风向,30.0,23.0,3,3,星期日,null,null,null,null,197.32999999999998
40253,2019-06-10,多云,北风,29.0,22.0,3,4,星期一,null,null,null,null,285.03
40284,2019-06-11,多云,无持续风向,26.0,19.0,3,3,星期二,null,null,null,null,179.26999999999998
40375,2019-06-12,小雨,东风,25.0,18.0,3,3,星期三,null,null,null,null,306.93
40436,2019-06-13,小雨,东风,26.0,19.0,3,3,星期四,null,null,null,null,164.12
40525,2019-06-14,多云,无持续风向,25.0,18.0,3,3,星期五,null,null,null,null,244.15000000000003
40587,2019-06-15,晴,无持续风向,28.0,21.0,3,3,星期六,null,null,null,null,335.23
40687,2019-06-16,多云,无持续风向,29.0,22.0,3,3,星期日,null,父亲节,null,null,301.91999999999996
40738,2019-06-17,中雨,无持续风向,30.0,23.0,3,3,星期一,null,null,null,null,197.91000000000003
40804,2019-06-18,小雨,无持续风向,29.0,22.0,3,3,星期二,null,null,null,null,195.40999999999997
40891,2019-06-19,中到大雨,无持续风向,29.0,22.0,3,3,星期三,null,null,null,null,283.93
40955,2019-06-20,大到暴雨,东北风,30.0,23.0,3,3,星期四,null,null,null,null,290.57000000000005
41031,2019-06-21,小雨,东北风,28.0,21.0,3,3,星期五,null,null,夏至,null,159.35
41064,2019-06-22,多云,东北风,27.0,20.0,3,3,星期六,null,null,null,null,193.01
41158,2019-06-23,晴,东风,25.0,18.0,3,3,星期日,null,null,null,null,295.52
41193,2019-06-24,小雨,东南风,29.0,22.0,3,3,星期一,null,null,null,null,256.66
41259,2019-06-25,小雨,无持续风向,29.0,22.0,3,3,星期二,null,null,null,null,218.71000000000004
41338,2019-06-26,多云,无持续风向,29.0,22.0,3,3,星期三,null,null,null,null,208.12
41467,2019-06-27,晴,无持续风向,29.0,22.0,3,3,星期四,null,null,null,null,133.17000000000002
41495,2019-06-28,晴,西南风,34.0,27.0,3,3,星期五,null,null,null,null,141.97
41607,2019-06-29,暴雨,无持续风向,32.0,25.0,3,3,星期六,null,null,null,null,160.84
41701,2019-06-30,小雨,无持续风向,30.0,23.0,3,3,星期日,null,null,null,null,249.2
41743,2019-07-01,多云,东北风,30.0,23.0,3,3,星期一,null,null,null,null,240.94
41865,2019-07-02,小雨,东北风,31.0,24.0,3,3,星期二,null,null,null,null,207.92000000000002
41923,2019-07-03,小雨,无持续风向,30.0,23.0,3,3,星期三,null,null,null,null,173.14999999999998
41989,2019-07-04,中雨,无持续风向,29.0,22.0,3,3,星期四,null,null,null,null,313.88
42027,2019-07-05,多云,无持续风向,30.0,23.0,3,3,星期五,null,null,null,null,318.63999999999993
42109,2019-07-06,多云,无持续风向,31.0,24.0,3,3,星期六,null,null,null,null,450.44000000000005
42188,2019-07-07,多云,无持续风向,30.0,23.0,3,3,星期日,null,null,小暑,null,546.4300000000001
42336,2019-07-08,大雨,无持续风向,30.0,23.0,3,3,星期一,null,null,null,null,189.77999999999997
42376,2019-07-09,中雨,无持续风向,29.0,22.0,3,3,星期二,null,null,null,null,457.8
42452,2019-07-10,多云,无持续风向,27.0,20.0,3,3,星期三,null,null,null,null,541.1
42540,2019-07-11,多云,无持续风向,30.0,23.0,3,3,星期四,null,null,null,null,167.41
42547,2019-07-12,暴雨,东北风,29.0,22.0,4,5,星期五,null,null,null,null,234.85999999999999
42679,2019-07-13,中雨,无持续风向,28.0,21.0,3,3,星期六,null,null,null,null,196.54000000000002
42695,2019-07-14,多云,无持续风向,29.0,22.0,3,3,星期日,null,null,null,null,172.9
42832,2019-07-15,小雨,无持续风向,31.0,24.0,3,3,星期一,null,null,null,null,179.92999999999998
42879,2019-07-16,多云,无持续风向,32.0,25.0,3,3,星期二,null,null,null,null,201.8
42947,2019-07-17,多云,东南风,32.0,25.0,3,3,星期三,null,null,null,null,232.53
42999,2019-07-18,多云,无持续风向,32.0,25.0,3,4,星期四,null,null,null,null,196.89000000000001
43081,2019-07-19,阴,无持续风向,31.0,24.0,3,3,星期五,null,null,null,null,115.75
43159,2019-07-20,晴,无持续风向,33.0,26.0,3,3,星期六,null,null,null,null,113.74999999999999
43214,2019-07-21,多云,无持续风向,34.0,27.0,3,3,星期日,null,null,null,null,199.97
43314,2019-07-22,晴,西南风,34.0,27.0,3,4,星期一,null,null,null,null,121.2
43407,2019-07-23,多云,西南风,34.0,27.0,3,4,星期二,null,null,大暑,null,197.56
43418,2019-07-24,多云,无持续风向,35.0,28.0,3,3,星期三,null,null,null,null,185.63
43501,2019-07-25,多云,无持续风向,34.0,27.0,3,3,星期四,null,null,null,null,138.93
43592,2019-07-26,多云,无持续风向,35.0,28.0,3,3,星期五,null,null,null,null,185.43
43625,2019-07-27,多云,南风,35.0,28.0,3,4,星期六,null,null,null,null,153.22
43720,2019-07-28,晴,南风,34.0,27.0,3,4,星期日,null,null,null,null,133.85
43783,2019-07-29,多云,南风,35.0,28.0,3,4,星期一,null,null,null,null,181.8
43894,2019-07-30,晴,南风,35.0,28.0,3,4,星期二,null,null,null,null,119.90999999999998
43933,2019-07-31,多云,东南风,35.0,28.0,3,4,星期三,null,null,null,null,171.92999999999998
44005,2019-08-01,晴,东南风,34.0,27.0,3,4,星期四,null,null,null,null,154.33999999999997
44077,2019-08-02,晴,无持续风向,34.0,27.0,3,3,星期五,null,null,null,null,97.34
44144,2019-08-03,多云,东风,34.0,27.0,3,3,星期六,null,null,null,null,170.64
44255,2019-08-04,晴,东南风,32.0,25.0,3,4,星期日,null,null,null,null,151.91000000000003
44304,2019-08-05,多云,东风,34.0,27.0,3,4,星期一,null,null,null,null,164.76
44389,2019-08-06,晴,东风,33.0,26.0,3,3,星期二,null,null,null,null,169.90000000000003
44450,2019-08-07,多云,东风,33.0,26.0,3,4,星期三,null,null,null,七夕情人节,138.64
44524,2019-08-08,小雨,东北风,34.0,27.0,5,6,星期四,null,null,立秋,null,273.85
44579,2019-08-09,大暴雨,东北风,32.0,25.0,7,8,星期五,null,null,null,null,265.18
44695,2019-08-10,大雨,西南风,33.0,26.0,6,7,星期六,null,null,null,null,129.11
44769,2019-08-11,多云,无持续风向,33.0,26.0,3,3,星期日,null,null,null,null,151.49
44834,2019-08-12,晴,无持续风向,32.0,25.0,3,3,星期一,null,null,null,null,148.12
44881,2019-08-13,晴,无持续风向,32.0,25.0,3,3,星期二,null,null,null,null,118.49
44972,2019-08-14,晴,西北风,33.0,26.0,3,4,星期三,null,null,null,null,195.0
45041,2019-08-15,多云转晴,西北风,34.0,26.0,3,4,星期四,null,null,null,中元节,200.88
45099,2019-08-16,多云转晴,无持续风向,35.0,27.0,3,3,星期五,null,null,null,null,149.45999999999998
45180,2019-08-17,多云,无持续风向,36.0,26.0,3,3,星期六,null,null,null,null,164.82999999999998
45236,2019-08-18,小雨转晴,东北风,33.0,26.0,3,4,星期日,null,null,null,null,180.68
45316,2019-08-19,多云,东北风,32.0,24.0,4,5,星期一,null,null,null,null,170.57000000000002
45409,2019-08-20,多云转晴,东风,32.0,24.0,3,4,星期二,null,null,null,null,161.66
45434,2019-08-21,多云,东风,34.0,25.0,3,4,星期三,null,null,null,null,121.95
45562,2019-08-22,晴,东北风,35.0,25.0,3,4,星期四,null,null,null,null,89.75999999999999
45613,2019-08-23,小雨转多云,东北风,34.0,26.0,3,4,星期五,null,null,处暑,null,164.18
45690,2019-08-24,多云,东风,34.0,27.0,4,5,星期六,null,null,null,null,159.35
45760,2019-08-25,小雨转晴,东风,34.0,27.0,4,5,星期日,null,null,null,null,88.03
45842,2019-08-26,多云,西南风,36.0,27.0,3,4,星期一,null,null,null,null,232.78
45920,2019-08-27,多云,西北风,36.0,27.0,4,5,星期二,null,null,null,null,219.61
45934,2019-08-28,小雨转中雨,北风,34.0,23.0,3,4,星期三,null,null,null,null,202.57
46016,2019-08-29,小到中雨转多云,东北风,24.0,21.0,3,3,星期四,null,null,null,null,191.63
46091,2019-08-30,多云,无持续风向,29.0,21.0,3,3,星期五,null,null,null,null,262.11
46214,2019-08-31,小雨,东风,29.0,22.0,4,5,星期六,null,null,null,null,139.76
46285,2019-09-01,中雨转小雨,东北风,22.0,19.0,4,5,星期日,null,null,null,null,205.16000000000003
46348,2019-09-02,中雨转小雨,北风,25.0,22.0,3,4,星期一,null,null,null,null,144.32999999999998
46402,2019-09-03,小到中雨转小雨,北风,24.0,21.0,3,4,星期二,null,null,null,null,228.65000000000003
46458,2019-09-04,小雨,东北风,28.0,23.0,3,4,星期三,null,null,null,null,198.51999999999998
46583,2019-09-05,小雨,东北风,28.0,23.0,4,5,星期四,null,null,null,null,122.48
46614,2019-09-06,小雨转阴,北风,29.0,23.0,5,6,星期五,null,null,null,null,263.59
46676,2019-09-07,多云,西北风,31.0,21.0,3,4,星期六,null,null,null,null,278.71
46785,2019-09-08,晴,东北风,31.0,21.0,3,4,星期日,null,null,白露,null,217.93
46859,2019-09-09,晴,无持续风向,32.0,22.0,3,3,星期一,null,null,null,null,294.87
46931,2019-09-10,多云,无持续风向,33.0,23.0,3,3,星期二,中国教师节,null,null,null,273.63
46986,2019-09-11,多云,东风,33.0,25.0,3,4,星期三,null,null,null,null,227.49
47129,2019-09-12,多云,东风,31.0,24.0,4,5,星期四,null,null,null,null,136.95999999999998
47150,2019-09-13,多云,东风,32.0,24.0,4,5,星期五,null,null,null,中秋节,243.48000000000002
47306,2019-09-14,多云转晴,东北风,31.0,24.0,4,5,星期六,null,null,null,null,261.53000000000003
47322,2019-09-15,小雨转多云,东北风,30.0,22.0,4,5,星期日,null,null,null,null,171.81999999999996
47398,2019-09-16,多云,北风,28.0,21.0,4,5,星期一,null,null,null,null,336.71000000000004
47500,2019-09-17,多云,北风,28.0,23.0,4,5,星期二,null,null,null,null,357.7
47589,2019-09-18,晴转多云,东北风,29.0,21.0,5,6,星期三,null,null,null,null,311.87999999999994
47649,2019-09-19,多云,东北风,27.0,19.0,5,6,星期四,null,null,null,null,164.31000000000003
47730,2019-09-20,多云转晴,北风,26.0,20.0,5,6,星期五,null,null,null,null,42.65
47760,2019-09-21,小雨,北风,24.0,21.0,6,7,星期六,null,null,null,null,269.09000000000003
47852,2019-09-22,阴转多云,北风,26.0,18.0,7,8,星期日,null,null,null,null,175.23000000000002
47923,2019-09-23,晴,北风,28.0,16.0,4,5,星期一,null,null,秋分,null,194.72000000000003
48073,2019-09-24,晴,北风,29.0,18.0,3,4,星期二,null,null,null,null,295.64
48159,2019-09-25,多云转阴,东北风,30.0,18.0,3,4,星期三,null,null,null,null,201.01
48230,2019-09-26,多云,东风,29.0,17.0,4,5,星期四,null,null,null,null,288.72
48324,2019-09-27,多云,东风,28.0,18.0,4,5,星期五,null,null,null,null,206.42
48345,2019-09-28,晴,东北风,29.0,19.0,3,4,星期六,null,null,null,null,219.07000000000002
48498,2019-09-29,多云,北风,30.0,20.0,3,4,星期日,null,null,null,null,227.19
48520,2019-09-30,多云转小雨,东风,29.0,21.0,4,5,星期一,null,null,null,null,213.61999999999998
48668,2019-10-01,小到中雨转小雨,北风,26.0,23.0,7,8,星期二,国庆节,null,null,null,242.35000000000002
48685,2019-10-02,多云转晴,西风,31.0,21.0,5,6,星期三,null,null,null,null,158.88
48767,2019-10-03,晴,无持续风向,31.0,21.0,3,3,星期四,null,null,null,null,225.56
48921,2019-10-04,晴转多云,东北风,32.0,23.0,3,4,星期五,null,null,null,null,159.08
48955,2019-10-05,多云转阴,东北风,28.0,19.0,5,6,星期六,null,null,null,null,194.45
49057,2019-10-06,阴转多云,东风,24.0,19.0,3,4,星期日,null,null,null,null,243.35
49156,2019-10-07,多云转阴,西风,28.0,19.0,5,6,星期一,null,null,null,重阳节,207.95999999999998
49201,2019-10-08,阴,北风,21.0,16.0,4,5,星期二,null,null,寒露,null,173.54
49250,2019-10-09,多云,东风,25.0,17.0,4,5,星期三,null,null,null,null,162.81
49364,2019-10-10,多云,东风,27.0,18.0,3,4,星期四,null,null,null,null,139.62
49425,2019-10-11,多云转阴,东北风,28.0,20.0,4,5,星期五,null,null,null,null,177.79
49501,2019-10-12,阴转多云,北风,25.0,18.0,4,5,星期六,null,null,null,null,353.25
49638,2019-10-13,阴,北风,23.0,19.0,3,4,星期日,null,null,null,null,155.45000000000002
49691,2019-10-14,小雨转阴,东北风,24.0,17.0,5,6,星期一,null,null,null,null,146.51
49829,2019-10-15,多云,北风,20.0,14.0,4,5,星期二,null,null,null,null,204.85
49899,2019-10-16,多云转阴,西风,21.0,15.0,3,4,星期三,null,null,null,null,660.7299999999999
49930,2019-10-17,多云转阴,北风,21.0,15.0,3,4,星期四,null,null,null,null,185.92999999999998
50036,2019-10-18,多云,西风,22.0,12.0,4,5,星期五,null,null,null,null,186.93
50162,2019-10-19,晴,东北风,23.0,14.0,3,4,星期六,null,null,null,null,218.76000000000005
50269,2019-10-20,晴,无持续风向,23.0,13.0,3,3,星期日,null,null,null,null,238.99
50355,2019-10-21,多云,无持续风向,24.0,14.0,3,3,星期一,null,null,null,null,156.67999999999998
50424,2019-10-22,多云转阴,东风,23.0,16.0,3,4,星期二,null,null,null,null,188.31999999999996
50495,2019-10-23,多云,东北风,23.0,15.0,3,4,星期三,null,null,null,null,167.05
50553,2019-10-24,晴转多云,北风,25.0,14.0,3,4,星期四,null,null,霜降,null,106.78999999999999
50665,2019-10-25,阴,北风,24.0,16.0,3,4,星期五,null,null,null,null,138.07
50721,2019-10-26,小雨转阴,西风,20.0,15.0,3,4,星期六,null,null,null,null,233.60999999999999
50881,2019-10-27,小雨转阴,无持续风向,16.0,13.0,3,3,星期日,null,null,null,null,179.62
50944,2019-10-28,多云转晴,无持续风向,21.0,11.0,3,3,星期一,null,null,null,null,207.66
51000,2019-10-29,晴,北风,23.0,12.0,3,4,星期二,null,null,null,null,333.25
51112,2019-10-30,晴,无持续风向,22.0,10.0,3,3,星期三,null,null,null,null,176.57
51160,2019-10-31,晴转多云,无持续风向,24.0,11.0,3,3,星期四,null,null,null,null,187.7
51214,2019-11-01,多云,东风,23.0,12.0,3,4,星期五,null,null,null,null,117.28999999999999
51330,2019-11-02,多云转阴,东风,23.0,15.0,3,4,星期六,null,null,null,null,210.47000000000003
51406,2019-11-03,多云转晴,无持续风向,23.0,13.0,3,3,星期日,null,null,null,null,146.84
51493,2019-11-04,多云,东北风,22.0,11.0,3,4,星期一,null,null,null,null,153.08999999999997
51534,2019-11-05,晴,北风,21.0,12.0,3,4,星期二,null,null,null,null,170.32
51654,2019-11-06,多云转小雨,无持续风向,20.0,13.0,3,3,星期三,null,null,null,null,154.69
51711,2019-11-07,小雨转多云,北风,19.0,13.0,3,4,星期四,null,null,null,null,92.07
51732,2019-11-08,多云转晴,北风,19.0,8.0,4,5,星期五,null,null,立冬,null,110.11
51854,2019-11-09,晴,无持续风向,19.0,10.0,3,3,星期六,null,null,null,null,192.19
51926,2019-11-10,多云转晴,西风,23.0,10.0,4,5,星期日,null,null,null,null,198.9
52068,2019-11-11,晴转多云,无持续风向,22.0,12.0,3,3,星期一,null,null,null,null,116.97999999999999
52078,2019-11-12,多云转阴,无持续风向,19.0,13.0,3,3,星期二,null,null,null,null,68.91
52196,2019-11-13,小雨转晴,西风,20.0,8.0,5,6,星期三,null,null,null,null,65.98
52211,2019-11-14,晴,无持续风向,18.0,9.0,3,3,星期四,null,null,null,null,266.62
52351,2019-11-15,晴,西风,22.0,10.0,3,4,星期五,null,null,null,null,106.53999999999999
52356,2019-11-16,晴,无持续风向,26.0,13.0,3,3,星期六,null,null,null,null,215.55
52461,2019-11-17,多云转阴,西风,26.0,13.0,4,5,星期日,null,null,null,null,155.89
52571,2019-11-18,小雨转晴,西风,13.0,5.0,5,6,星期一,null,null,null,null,79.21000000000001
52598,2019-11-19,晴,东北风,14.0,7.0,3,4,星期二,null,null,null,null,117.38000000000001
52666,2019-11-20,多云转晴,东风,16.0,8.0,5,6,星期三,null,null,null,null,113.67999999999999
52724,2019-11-21,多云,东风,19.0,11.0,3,4,星期四,null,null,null,null,102.93
52803,2019-11-22,多云,东风,22.0,12.0,3,4,星期五,null,null,小雪,null,113.93
52876,2019-11-23,多云,无持续风向,22.0,14.0,3,3,星期六,null,null,null,null,226.28
52973,2019-11-24,小雨,西风,24.0,10.0,6,7,星期日,null,null,null,null,113.13
53136,2019-11-25,阴转多云,北风,11.0,6.0,4,5,星期一,null,null,null,null,114.88999999999999
53155,2019-11-26,阴,无持续风向,12.0,8.0,3,3,星期二,null,null,null,null,132.39
53315,2019-11-27,小雨,西风,10.0,8.0,4,5,星期三,null,null,null,null,144.96999999999997
53354,2019-11-28,多云,西风,11.0,6.0,4,5,星期四,null,null,null,null,127.13999999999999
53415,2019-11-29,阴,东北风,12.0,7.0,3,4,星期五,null,null,null,null,169.51
53497,2019-11-30,小雨,无持续风向,12.0,10.0,3,3,星期六,null,null,null,null,118.98000000000002
53667,2019-12-01,小雨转多云,西风,10.0,5.0,5,6,星期日,null,null,null,null,137.21
53693,2019-12-02,多云转晴,西风,11.0,1.0,4,5,星期一,null,null,null,null,130.32
53802,2019-12-03,晴,无持续风向,11.0,1.0,3,3,星期二,null,null,null,null,127.49000000000001
53885,2019-12-04,多云转阴,无持续风向,13.0,5.0,3,3,星期三,null,null,null,null,64.41
54014,2019-12-05,多云转阴,东北风,14.0,5.0,3,4,星期四,null,null,null,null,166.20999999999998
54091,2019-12-06,阴转晴,北风,10.0,1.0,4,5,星期五,null,null,null,null,139.17999999999998
54166,2019-12-07,晴,无持续风向,10.0,1.0,3,3,星期六,null,null,大雪,null,115.74000000000002
54256,2019-12-08,多云,无持续风向,12.0,2.0,3,3,星期日,null,null,null,null,107.70000000000002
54269,2019-12-09,多云,无持续风向,17.0,4.0,3,3,星期一,null,null,null,null,127.18
54410,2019-12-10,晴转多云,无持续风向,18.0,5.0,3,3,星期二,null,null,null,null,105.05
54524,2019-12-11,晴转多云,西风,17.0,3.0,4,5,星期三,null,null,null,null,95.16999999999999
54553,2019-12-12,晴,东风,13.0,5.0,3,4,星期四,null,null,null,null,183.49
54658,2019-12-13,晴转多云,西风,18.0,7.0,3,4,星期五,null,null,null,null,169.79000000000002
54788,2019-12-14,晴转多云,东北风,16.0,8.0,3,4,星期六,null,null,null,null,109.47000000000001
54922,2019-12-15,晴,西风,18.0,9.0,3,4,星期日,null,null,null,null,155.4
54988,2019-12-16,晴转多云,西风,23.0,11.0,3,4,星期一,null,null,null,null,130.78
55071,2019-12-17,小雨,西风,14.0,8.0,4,5,星期二,null,null,null,null,200.25999999999996
55193,2019-12-18,小雨,北风,11.0,6.0,4,5,星期三,null,null,null,null,125.32999999999998
55290,2019-12-19,小雨转阴,北风,6.0,4.0,3,4,星期四,null,null,null,null,145.08999999999997
55334,2019-12-20,小雨,无持续风向,7.0,5.0,3,3,星期五,null,null,null,null,116.2
55411,2019-12-21,小到中雨转中雨,无持续风向,8.0,7.0,3,3,星期六,null,null,null,null,163.60999999999999
55545,2019-12-22,阴转多云,西风,10.0,6.0,3,4,星期日,null,null,冬至,null,162.65000000000003
55573,2019-12-23,小雨转小到中雨,东风,11.0,8.0,3,4,星期一,null,null,null,null,130.76
55729,2019-12-24,小雨,东北风,11.0,10.0,3,4,星期二,null,null,null,null,191.56
55759,2019-12-25,小雨,无持续风向,13.0,9.0,3,3,星期三,圣诞节,null,null,null,128.6
55836,2019-12-26,小雨转多云,西风,10.0,2.0,5,6,星期四,null,null,null,null,108.91999999999999
55907,2019-12-27,晴,无持续风向,7.0,1.0,3,3,星期五,null,null,null,null,74.71000000000001
56029,2019-12-28,多云转小雨,无持续风向,12.0,3.0,3,3,星期六,null,null,null,null,134.92999999999998
56090,2019-12-29,阴,无持续风向,16.0,7.0,3,3,星期日,null,null,null,null,159.54
56238,2019-12-30,阴,北风,13.0,2.0,4,5,星期一,null,null,null,null,62.84
56254,2019-12-31,多云转晴,北风,7.0,1.0,3,4,星期二,null,null,null,null,240.99
56389,2020-01-01,晴转阴,无持续风向,9.0,1.0,3,3,星期二,元旦节,null,null,null,139.11
56521,2020-01-02,阴,无持续风向,11.0,8.0,3,3,星期三,null,null,null,腊八节,128.59
56596,2020-01-03,小雨,无持续风向,10.0,8.0,3,3,星期四,null,null,null,null,56.269999999999996
56645,2020-01-04,小雨转阴,无持续风向,10.0,8.0,3,3,星期五,null,null,null,null,93.32
56783,2020-01-05,小雨转晴,西风,15.0,9.0,3,4,星期六,null,null,null,null,103.25
56872,2020-01-06,多云,西风,23.0,11.0,3,4,星期日,null,null,小寒,null,81.94
